atoms_bonds,kappa,chi
H,17.268300,2.436041
C,11.83702,4.315311 
H_C,4.273313,0.0510959 
C_C,1.100520,0.000000
